id;description;number_candidats;date_limit;date_publication
1;magenta monitor 1080p;60595;2019-09-07;2019-09-06
2;deposit Internal;85003;2019-09-07;2019-09-07
3;Ergonomic;37081;2019-09-07;2019-09-07
4;payment;59129;2019-09-07;2019-09-07
5;Mississippi embrace Developer;84891;2019-09-07;2019-09-07
6;Robust Networked;4043;2019-09-07;2019-09-07
7;Small partnerships;20171;2019-09-07;2019-09-06
8;Harbor Montana;69551;2019-09-06;2019-09-07
9;Investment Account;53984;2019-09-07;2019-09-07
10;Brand;59886;2019-09-07;2019-09-07
